{
	"info": {
		"_postman_id": "bd174f1c-4c72-46d4-a15a-a1e9e40cb425",
		"name": "Mongoose",
		"schema": "https://schema.getpostman.com/json/collection/v2.1.0/collection.json"
	},
	"item": [
		{
			"name": "Retrieve all Lists",
			"request": {
				"method": "GET",
				"header": [],
				"url": {
					"raw": "http://localhost:8080/app/list/",
					"protocol": "http",
					"host": [
						"localhost"
					],
					"port": "8080",
					"path": [
						"app",
						"list",
						""
					]
				}
			},
			"response": []
		},
		{
			"name": "Retrieve number of Lists",
			"request": {
				"method": "GET",
				"header": [],
				"url": {
					"raw": "http://localhost:8080/app/list/",
					"protocol": "http",
					"host": [
						"localhost"
					],
					"port": "8080",
					"path": [
						"app",
						"list",
						""
					]
				}
			},
			"response": []
		},
		{
			"name": "Add new List",
			"request": {
				"method": "POST",
				"header": [],
				"body": {
					"mode": "raw",
					"raw": "{\r\n\t  \"name\": \"Shopping List\",\r\n\t  \"description\": \"Shopping List for home.\",\r\n\t  \"listId\": \"101\",\r\n\t  \"due\": \"04-27-2021\",\r\n\t  \"state\": \"A\",\r\n\t  \"owner\": \"israelh\"\r\n}",
					"options": {
						"raw": {
							"language": "json"
						}
					}
				},
				"url": {
					"raw": "http://localhost:8080/app/list/",
					"protocol": "http",
					"host": [
						"localhost"
					],
					"port": "8080",
					"path": [
						"app",
						"list",
						""
					]
				}
			},
			"response": []
		},
		{
			"name": "Retrieve Tasks for one List",
			"request": {
				"method": "GET",
				"header": [],
				"url": {
					"raw": "http://localhost:8080/app/list/1",
					"protocol": "http",
					"host": [
						"localhost"
					],
					"port": "8080",
					"path": [
						"app",
						"list",
						"1"
					]
				}
			},
			"response": []
		},
		{
			"name": "Retrieve Tasks count for one List",
			"request": {
				"method": "GET",
				"header": [],
				"url": {
					"raw": "http://localhost:8080/app/list/1/count",
					"protocol": "http",
					"host": [
						"localhost"
					],
					"port": "8080",
					"path": [
						"app",
						"list",
						"1",
						"count"
					]
				}
			},
			"response": []
		}
	]
}